"Nº";"Disciplina";"Dificuldade";"Pergunta";"A";"B";"C";"D";"Correta"
"1";"Informática";"Fácil";"O que significa HTML?";"HyperText Markup Language";"High Transfer Machine";"HyperTool Multi Logic";"Home Text Master";"A"
"2";"Informática";"Fácil";"Qual linguagem estiliza páginas web?";"JavaScript";"PHP";"CSS";"Python";"C"
"3";"Informática";"Fácil";"O que é um algoritmo?";"Um vírus";"Sequência de passos para resolver um problema";"Um hardware";"Um sistema operacional";"B"
"4";"Informática";"Fácil";"O que significa CPU?";"Central Processing Unit";"Computer Power Unit";"Core Program Utility";"Central Power Upload";"A"
"5";"Informática";"Fácil";"Extensão de arquivos JavaScript?";".java";".js";".jscript";".script";"B"
"6";"Informática";"Fácil";"O que é um banco de dados?";"Um tipo de rede";"Conjunto organizado de informações";"Um antivírus";"Um tipo de memória";"B"
"7";"Informática";"Fácil";"Qual tag HTML cria um link?";"<link>";"<url>";"<a>";"<href>";"C"
"8";"Informática";"Fácil";"O que significa 'open source'?";"Software pago";"Código aberto para uso";"Software empresarial";"Sistema operacional";"B"
"9";"Informática";"Fácil";"O que é a internet?";"Um computador";"Rede mundial de computadores";"Editor de texto";"Sistema operacional";"B"
"10";"Informática";"Fácil";"Qual é um sistema operacional?";"Microsoft Word";"Google Chrome";"Windows 10";"Adobe Photoshop";"C"
"11";"Informática";"Fácil";"O que faz a tecla 'Delete'?";"Salva arquivo";"Apaga caractere à frente";"Copia texto";"Desfaz ação";"B"
"12";"Informática";"Fácil";"O que significa WWW?";"World Wide Web";"World Wire Web";"Wide World Wire";"Web World Wide";"A"
"13";"Informática";"Fácil";"Dispositivo para imprimir documentos?";"Scanner";"Monitor";"Impressora";"Teclado";"C"
"14";"Informática";"Fácil";"Arquivo com extensão .pdf é:";"Arquivo de imagem";"Arquivo de áudio";"Documento portátil";"Arquivo de vídeo";"C"
"15";"Informática";"Fácil";"Atalho para copiar?";"Ctrl+X";"Ctrl+V";"Ctrl+C";"Ctrl+Z";"C"
"16";"Informática";"Fácil";"O que é RAM?";"Memória de acesso aleatório";"Disco rígido";"Processador";"Placa de vídeo";"A"
"17";"Informática";"Fácil";"O que faz o botão direito do mouse?";"Abre um arquivo";"Exibe menu de contexto";"Fecha uma janela";"Move um arquivo";"B"
"18";"Informática";"Fácil";"Qual é um navegador de internet?";"Windows";"Notepad";"Google Chrome";"Microsoft Excel";"C"
"19";"Informática";"Fácil";"O que é um pixel?";"Um processador";"Menor unidade de imagem digital";"Um cabo de rede";"Um tipo de memória";"B"
"20";"Informática";"Fácil";"Para que serve o teclado?";"Exibir imagens";"Emitir sons";"Inserir dados";"Imprimir documentos";"C"
"21";"Informática";"Fácil";"O que significa 'download'?";"Enviar para nuvem";"Baixar da internet";"Deletar arquivo";"Compactar arquivo";"B"
"22";"Informática";"Fácil";"O que é o disco rígido (HD)?";"Dispositivo de entrada";"Armazenamento permanente";"Dispositivo de saída";"Memória temporária";"B"
"23";"Informática";"Fácil";"Qual é um editor de texto?";"VLC Player";"Microsoft Word";"Google Chrome";"WinRAR";"B"
"24";"Informática";"Fácil";"O que faz o atalho Ctrl+Z?";"Salva arquivo";"Desfaz última ação";"Refaz ação";"Fecha programa";"B"
"25";"Informática";"Fácil";"O que é e-mail?";"Um vírus";"Correio eletrônico";"Um navegador";"Sistema operacional";"B"
"26";"Informática";"Fácil";"Quantos bits tem 1 byte?";"4";"16";"8";"2";"C"
"27";"Informática";"Fácil";"O que é o monitor?";"Dispositivo de entrada";"Dispositivo de armazenamento";"Exibe imagens na tela";"Processador";"C"
"28";"Informática";"Fácil";"Extensão de imagens JPEG?";".mp3";".jpg";".doc";".exe";"B"
"29";"Informática";"Fácil";"O que é um vírus de computador?";"Programa de proteção";"Programa malicioso";"Um hardware";"Um driver";"B"
"30";"Informática";"Fácil";"O que significa USB?";"Universal Serial Bus";"Unified System Base";"Universal System Bridge";"Unified Serial Boot";"A"
"31";"Informática";"Fácil";"O que é o Explorador de Arquivos?";"Navegador de internet";"Gerencia arquivos e pastas";"Um antivírus";"Editor de texto";"B"
"32";"Informática";"Fácil";"Para que serve um antivírus?";"Acelerar o PC";"Proteger contra malware";"Editar vídeos";"Gerenciar arquivos";"B"
"33";"Informática";"Fácil";"O que é upload?";"Baixar da internet";"Enviar para servidor";"Deletar arquivos";"Copiar arquivos";"B"
"34";"Informática";"Fácil";"Tecla para confirmar ou pular linha?";"Esc";"Backspace";"Tab";"Enter";"D"
"35";"Informática";"Fácil";"O que é uma pasta (diretório)?";"Um arquivo de texto";"Local para organizar arquivos";"Um vírus";"Um programa";"B"
"36";"Informática";"Fácil";"O que faz o atalho Ctrl+S?";"Seleciona tudo";"Salva o arquivo";"Fecha arquivo";"Abre arquivo";"B"
"37";"Informática";"Fácil";"Qual a função do mouse?";"Inserir texto";"Emitir sons";"Controlar o cursor";"Imprimir documentos";"C"
"38";"Informática";"Fácil";"O que é wi-fi?";"Um cabo de rede";"Conexão sem fio à internet";"Programa de segurança";"Sistema operacional";"B"
"39";"Informática";"Fácil";"O que é software?";"Componentes físicos";"Programas do computador";"O monitor";"O gabinete";"B"
"40";"Informática";"Fácil";"O que é hardware?";"Programas do PC";"Componentes físicos";"Arquivos do sistema";"Antivírus";"B"
"41";"Informática";"Fácil";"Extensão de executáveis no Windows?";".txt";".jpg";".exe";".mp3";"C"
"42";"Informática";"Fácil";"O que é a área de trabalho (desktop)?";"A memória RAM";"Tela inicial do sistema";"O disco rígido";"O processador";"B"
"43";"Informática";"Fácil";"O que é um atalho na área de trabalho?";"Cópia do arquivo";"Link para abrir rapidamente";"Um vírus";"Um tipo de pasta";"B"
"44";"Informática";"Médio";"O que faz 'display: flex' no CSS?";"Deixa texto em negrito";"Oculta o elemento";"Organiza elementos flexíveis";"Adiciona bordas";"C"
"45";"Informática";"Médio";"O que é o protocolo HTTP?";"Transferência de hipertexto";"Protocolo de segurança";"Linguagem de programação";"Sistema de arquivos";"A"
"46";"Informática";"Médio";"Para que serve a tag <div>?";"Criar links";"Agrupar blocos de conteúdo";"Inserir imagens";"Criar listas";"B"
"47";"Informática";"Médio";"O que é um loop em programação?";"Um erro de código";"Estrutura que repete instruções";"Uma variável";"Um tipo de função";"B"
"48";"Informática";"Médio";"O que significa IDE?";"Internet Data Engine";"Integrated Development Environment";"Internal Design Editor";"Interface Development Engine";"B"
"49";"Informática";"Médio";"Diferença entre == e === no JavaScript?";"Não há diferença";"== valor, === valor e tipo";"=== só valor";"São atribuições";"B"
"50";"Informática";"Médio";"O que é uma função em programação?";"Um erro no código";"Bloco de código reutilizável";"Um tipo de variável";"Estrutura de repetição";"B"
"51";"Informática";"Médio";"O que é SQL?";"Linguagem web";"Linguagem para bancos de dados";"Sistema operacional";"Protocolo de rede";"B"
"52";"Informática";"Médio";"O que significa IP?";"Internal Program";"Internet Protocol";"Integrated Processor";"Input Parameter";"B"
"53";"Informática";"Médio";"O que é responsive design?";"Design só para desktop";"Adapta-se a diferentes telas";"Design com muitas cores";"Design minimalista";"B"
"54";"Informática";"Médio";"Para que serve o Git?";"Editar imagens";"Controle de versão";"Gerenciar banco de dados";"Criar sites";"B"
"55";"Informática";"Médio";"O que é uma API?";"Um banco de dados";"Interface entre sistemas";"Sistema operacional";"Editor de código";"B"
"56";"Informática";"Médio";"O que faz o SELECT no SQL?";"Apaga dados";"Insere dados";"Consulta dados de tabela";"Cria tabelas";"C"
"57";"Informática";"Médio";"O que é o DOM?";"Estrutura da página HTML";"Database Object Manager";"Design Of Modules";"Display Output Mode";"A"
"58";"Informática";"Médio";"Método para adicionar ao final de array?";"push()";"pop()";"shift()";"splice()";"A"
"59";"Informática";"Médio";"O que é uma variável?";"Um tipo de loop";"Espaço na memória para dados";"Função matemática";"Erro de código";"B"
"60";"Informática";"Médio";"O que significa DNS?";"Data Network Security";"Domain Name System";"Dynamic Network Service";"Digital Name Server";"B"
"61";"Informática";"Médio";"O que é o backend web?";"Interface visual";"Servidor que processa lógica";"Banco de imagens";"Design do site";"B"
"62";"Informática";"Médio";"Estrutura para decisões no código?";"For loop";"While loop";"If/else";"Array";"C"
"63";"Informática";"Médio";"O que é o localStorage?";"Banco remoto";"Dados no navegador do usuário";"Servidor de arquivos";"Biblioteca JS";"B"
"64";"Informática";"Médio";"O que é uma classe em CSS?";"Um tipo de tag";"Seletor que aplica estilos";"Atributo de cor";"Tipo de fonte";"B"
"65";"Informática";"Médio";"Para que serve o atributo 'alt'?";"Definir tamanho";"Texto alternativo para imagens";"Definir cor";"Definir link";"B"
"66";"Informática";"Médio";"O que é git commit?";"Envia para repositório remoto";"Salva snapshot das alterações";"Cria repositório";"Apaga histórico";"B"
"67";"Informática";"Médio";"Função do index.html?";"Armazenar banco de dados";"Página principal do site";"Definir os estilos";"Conter o JavaScript";"B"
"68";"Informática";"Médio";"O que é o operador ternário?";"Um loop";"Forma compacta do if/else";"Método de array";"Tipo de função";"B"
"69";"Informática";"Médio";"O que significa CRUD?";"Create, Read, Update, Delete";"Copy, Run, Upload, Download";"Code, Run, Use, Deploy";"Create, Remove, Update, Deploy";"A"
"70";"Informática";"Médio";"O que é JSON?";"Java Standard Object Notation";"Formato de troca de dados JS";"Java Server Object Network";"JavaScript Online Notation";"B"
"71";"Informática";"Médio";"Propriedade CSS para espaço interno?";"margin";"border";"padding";"spacing";"C"
"72";"Informática";"Médio";"O que é um evento no JavaScript?";"Erro de execução";"Ação do usuário detectável";"Tipo de variável";"Função assíncrona";"B"
"73";"Informática";"Médio";"O que é o operador &&?";"OU lógico";"E lógico — ambos verdadeiros";"Negação";"Atribuição";"B"
"74";"Informática";"Médio";"O que é uma lista no HTML?";"Tabela de dados";"Organiza itens (ul/ol)";"Um formulário";"Um link";"B"
"75";"Informática";"Médio";"O que significa HTTP 404?";"Servidor indisponível";"Recurso não encontrado";"Requisição OK";"Redirecionamento";"B"
"76";"Informática";"Médio";"Para que serve o atributo 'href'?";"Cor do link";"Destino do link";"Tamanho do texto";"Título";"B"
"77";"Informática";"Médio";"O que é addEventListener?";"Adiciona ao DOM";"Registra função para evento";"Remove elemento";"Cria variável";"B"
"78";"Informática";"Médio";"O que é um array?";"Variável simples";"Armazena múltiplos valores";"Tipo de função";"Banco de dados";"B"
"79";"Informática";"Médio";"O que é o GitHub?";"Sistema operacional";"Hospeda repositórios Git";"Editor de código";"Banco de dados";"B"
"80";"Informática";"Médio";"Qual tag define uma tabela HTML?";"<list>";"<grid>";"<table>";"<data>";"C"
"81";"Informática";"Médio";"O que é o método fetch()?";"Busca no DOM";"Requisições HTTP assíncronas";"Cria animações";"Manipula arrays";"B"
"82";"Informática";"Médio";"O que faz o atributo 'required'?";"Campo somente leitura";"Campo obrigatório";"Campo desativado";"Campo oculto";"B"
"83";"Informática";"Médio";"Para que serve media query CSS?";"Adicionar animações";"Estilos por tamanho de tela";"Efeitos de sombra";"Definir fontes";"B"
"84";"Informática";"Médio";"O que é o método map() em JS?";"Cria mapa visual";"Transforma array e retorna novo";"Remove duplicados";"Ordena array";"B"
"85";"Informática";"Médio";"O que é programação orientada a objetos?";"Tipo de banco de dados";"Paradigma baseado em objetos";"Uma linguagem";"Protocolo de rede";"B"
"86";"Informática";"Difícil";"O que é 'closure' em JavaScript?";"Função sem retorno";"Função que lembra seu escopo de criação";"Um tipo de loop";"Uma classe";"B"
"87";"Informática";"Difícil";"O que é o padrão MVC?";"Model View Controller";"Módulo Virtual Computacional";"Method Value Component";"Multi View Controller";"A"
"88";"Informática";"Difícil";"Diferença entre processo e thread?";"São a mesma coisa";"Processo é programa, thread é unidade de execução";"Thread é mais pesada";"Processo é mais rápido";"B"
"89";"Informática";"Difícil";"O que diferencia HTTPS do HTTP?";"São iguais";"HTTPS usa criptografia SSL/TLS";"HTTP é mais seguro";"HTTPS é mais lento";"B"
"90";"Informática";"Difícil";"O que é Big O Notation?";"Uma linguagem";"Descreve complexidade de algoritmos";"Tipo de banco de dados";"Protocolo de rede";"B"
"91";"Informática";"Difícil";"O que é imutabilidade funcional?";"Objetos alterados livremente";"Valor não modificado — cria-se novo";"Uma classe abstrata";"Tipo de herança";"B"
"92";"Informática";"Difícil";"O que é um índice em banco de dados?";"Coluna obrigatória";"Acelera consultas ao banco";"Tipo de join";"Restrição de chave";"B"
"93";"Informática";"Difícil";"O que é 'debounce' no frontend?";"Animação CSS";"Atrasa função até evento parar";"Tipo de cache";"Protocolo HTTP";"B"
"94";"Informática";"Difícil";"O que é uma Promise em JavaScript?";"Tipo de variável";"Representa operação assíncrona futura";"Função síncrona";"Tipo de array";"B"
"95";"Informática";"Difícil";"O que é normalização em banco de dados?";"Aumentar o banco";"Reduz redundância e dependências";"Criptografar dados";"Fazer backup";"B"
"96";"Informática";"Difícil";"O que é WebSocket?";"Um protocolo HTTP";"Comunicação bidirecional em tempo real";"Tipo de banco de dados";"Biblioteca JavaScript";"B"
"97";"Informática";"Difícil";"O que é 'lazy loading'?";"Carregamento antecipado";"Carrega recursos quando necessário";"Tipo de cache";"Animação CSS";"B"
"98";"Informática";"Difícil";"O que é SQL Injection?";"Tipo de banco de dados";"Ataque com código SQL malicioso";"Comando SQL válido";"Protocolo de segurança";"B"
"99";"Informática";"Difícil";"O que é o 'event loop' no JS?";"Um for loop";"Gerencia fila de eventos e callbacks";"Função assíncrona";"Tipo de array";"B"
"100";"Informática";"Difícil";"O que é Docker?";"Editor de código";"Executa apps em contêineres";"Um banco de dados";"Sistema operacional";"B"
"101";"Informática";"Difícil";"O que é herança em POO?";"Cria objetos idênticos";"Classe herda de outra classe";"Ocultação de dados";"Sobrescrita de métodos";"B"
"102";"Informática";"Difícil";"O que é o método reduce()?";"Remove elementos";"Reduz array a um valor";"Filtra elementos";"Ordena elementos";"B"
"103";"Informática";"Difícil";"O que é REST?";"Linguagem de programação";"Arquitetura para APIs HTTP";"Um banco de dados";"Sistema operacional";"B"
"104";"Informática";"Difícil";"O que é encapsulamento em POO?";"Reutilizar código";"Ocultar detalhes internos";"Criar múltiplas instâncias";"Herdar propriedades";"B"
"105";"Informática";"Difícil";"O que é o JOIN no SQL?";"Apaga registros";"Combina tabelas por coluna";"Cria nova tabela";"Atualiza registros";"B"
"106";"Informática";"Difícil";"O que é polimorfismo em POO?";"Classe sem métodos";"Objetos respondem ao método de formas distintas";"Herança múltipla";"Encapsulamento";"B"
"107";"Informática";"Difícil";"O que é um CDN?";"Um banco de dados";"Rede que entrega conteúdo próximo";"Protocolo de segurança";"Editor de código";"B"
"108";"Informática";"Difícil";"O que é async/await em JavaScript?";"Tipo de loop";"Sintaxe para Promises legível";"Tipo de variável";"Método de array";"B"
"109";"Informática";"Difícil";"O que é virtual DOM no React?";"Banco de dados virtual";"DOM em memória para otimizar updates";"Tipo de componente";"Um hook";"B"
"110";"Informática";"Difícil";"O que é cache em computação?";"Tipo de vírus";"Armazenamento temporário rápido";"Protocolo de rede";"Tipo de banco";"B"
"111";"Informática";"Difícil";"O que é recursão em programação?";"Um loop simples";"Função que chama a si mesma";"Erro de programação";"Tipo de array";"B"
"112";"Informática";"Difícil";"O que é o protocolo TCP/IP?";"Sistema operacional";"Governa transmissão de dados";"Linguagem de programação";"Banco de dados";"B"
"113";"Informática";"Difícil";"O que é o padrão Singleton?";"Permite múltiplas instâncias";"Garante uma única instância";"Tipo de herança";"Padrão de banco";"B"
"114";"Informática";"Difícil";"O que é 'tree shaking'?";"Animação de árvore";"Elimina código não utilizado";"Tipo de algoritmo";"Ordena arrays";"B"
"115";"Informática";"Difícil";"O que é memoization?";"Tipo de loop";"Armazena resultados para evitar recalcular";"Animação CSS";"Tipo de banco";"B"
"116";"Informática";"Difícil";"Diferença entre SQL e NoSQL?";"São iguais";"SQL relacional, NoSQL flexível";"NoSQL é mais antigo";"SQL é mais rápido";"B"
"117";"Informática";"Difícil";"O que é middleware web?";"Um banco de dados";"Intermediário entre cliente e servidor";"Tipo de frontend";"Protocolo de rede";"B"
"118";"Informática";"Difícil";"O que é um token JWT?";"Tipo de cookie";"Padrão seguro de autenticação";"Um banco de dados";"Protocolo HTTP";"B"
"119";"Informática";"Difícil";"O que é deadlock?";"Tipo de vírus";"Processos bloqueados esperando recursos";"Loop infinito";"Erro de memória";"B"
"120";"Informática";"Difícil";"O que é busca binária?";"Busca em listas desordenadas";"Divide lista ao meio a cada comparação";"Tipo de ordenação";"Estrutura de dados";"B"
"121";"Informática";"Difícil";"O que é injeção de dependência?";"Um ataque";"Dependências fornecidas externamente";"Tipo de herança";"Padrão de banco";"B"
"122";"Informática";"Difícil";"O que são microserviços?";"Serviço monolítico";"Serviços independentes divididos";"Tipo de banco";"Protocolo";"B"
"123";"Informática";"Difícil";"O que é hash em segurança?";"Cópia de dados";"Transforma dados em string fixa";"Criptografia simétrica";"Protocolo de rede";"B"
"124";"Informática";"Difícil";"O que é CORS?";"Tipo de ataque";"Controla requisições entre origens";"Um banco de dados";"Tipo de cache";"B"
"125";"Informática";"Difícil";"O que é garbage collection?";"Limpeza de arquivos";"Libera memória não utilizada";"Tipo de vírus";"Protocolo de rede";"B"
"126";"Informática";"Difícil";"O que é o padrão Observer?";"Padrão de banco de dados";"Notifica objetos sobre mudanças";"Tipo de herança";"Padrão de segurança";"B"
"127";"Informática";"Difícil";"O que é Big Data?";"Banco pequeno";"Dados enormes com tecnologias especiais";"Tipo de SQL";"Sistema operacional";"B"
"128";"Informática";"Difícil";"O que é continuous integration?";"Linguagem de programação";"Integra código com verificações automáticas";"Tipo de banco";"Protocolo de rede";"B"
"129";"Matemática";"Fácil";"Quanto é 15% de 200?";"25";"30";"35";"20";"B"
"130";"Matemática";"Fácil";"Fórmula da área do triângulo?";"base × altura";"(base × altura) / 2";"base²";"2 × (base + altura)";"B"
"131";"Matemática";"Fácil";"Quanto é 2³?";"6";"9";"8";"12";"C"
"132";"Matemática";"Fácil";"Raiz quadrada de 144?";"11";"13";"14";"12";"D"
"133";"Matemática";"Fácil";"Se x + 5 = 12, quanto é x?";"5";"8";"7";"6";"C"
"134";"Matemática";"Fácil";"Quantos lados tem um hexágono?";"5";"7";"6";"8";"C"
"135";"Matemática";"Fácil";"Quanto é 20% de 500?";"50";"150";"100";"200";"C"
"136";"Matemática";"Fácil";"O ângulo reto mede quantos graus?";"45°";"180°";"60°";"90°";"D"
"137";"Matemática";"Fácil";"Quanto é 3/4 + 1/4?";"4/8";"1";"2/4";"3/8";"B"
"138";"Matemática";"Fácil";"Valor aproximado de π (pi)?";"3,14";"2,71";"1,61";"4,13";"A"
"139";"Matemática";"Fácil";"Quanto é 7 × 8?";"54";"56";"64";"48";"B"
"140";"Matemática";"Fácil";"Quanto é 100 ÷ 4?";"20";"30";"25";"15";"C"
"141";"Matemática";"Fácil";"Qual é o dobro de 37?";"64";"74";"84";"54";"B"
"142";"Matemática";"Fácil";"Quantos centímetros tem 1 metro?";"10";"1000";"100";"500";"C"
"143";"Matemática";"Fácil";"Quanto é 12²?";"124";"144";"132";"114";"B"
"144";"Matemática";"Fácil";"Ângulos do triângulo equilátero?";"45°";"90°";"60°";"30°";"C"
"145";"Matemática";"Fácil";"Antecessor de 100?";"101";"99";"98";"102";"B"
"146";"Matemática";"Fácil";"Quanto é 50% de 80?";"30";"50";"40";"20";"C"
"147";"Matemática";"Fácil";"Quanto é 9 × 9?";"81";"72";"91";"63";"A"
"148";"Matemática";"Fácil";"Soma dos ângulos internos do triângulo?";"360°";"270°";"180°";"90°";"C"
"149";"Matemática";"Fácil";"Quanto é 1/2 de 60?";"20";"30";"40";"15";"B"
"150";"Matemática";"Fácil";"Qual número é primo?";"9";"15";"4";"7";"D"
"151";"Matemática";"Fácil";"Quantos minutos tem 1 hora?";"100";"30";"60";"90";"C"
"152";"Matemática";"Fácil";"Quanto é 144 ÷ 12?";"11";"14";"12";"13";"C"
"153";"Matemática";"Fácil";"Soma dos ângulos do quadrilátero?";"180°";"270°";"360°";"90°";"C"
"154";"Matemática";"Fácil";"Quanto é 3 × 3 × 3?";"9";"18";"27";"12";"C"
"155";"Matemática";"Fácil";"Quanto é 500 − 275?";"215";"225";"235";"245";"B"
"156";"Matemática";"Fácil";"Quantas horas tem um dia?";"12";"48";"24";"36";"C"
"157";"Matemática";"Fácil";"Quanto é 25% de 400?";"80";"100";"75";"125";"B"
"158";"Matemática";"Fácil";"Qual é o menor número primo?";"0";"1";"3";"2";"D"
"159";"Matemática";"Fácil";"Perímetro de quadrado com lado 5?";"10";"25";"15";"20";"D"
"160";"Matemática";"Fácil";"Quanto é 8 + 9 × 2?";"34";"26";"17";"30";"B"
"161";"Matemática";"Fácil";"Fração equivalente a 0,5?";"1/4";"2/3";"1/2";"3/4";"C"
"162";"Matemática";"Fácil";"Quantos segundos tem 1 minuto?";"100";"30";"120";"60";"D"
"163";"Matemática";"Fácil";"Raiz quadrada de 81?";"7";"8";"9";"11";"C"
"164";"Matemática";"Fácil";"Quanto é 40% de 250?";"80";"90";"100";"110";"C"
"165";"Matemática";"Fácil";"Quanto é 3/5 − 1/5?";"2/5";"1/5";"4/5";"3/10";"A"
"166";"Matemática";"Fácil";"Quantos lados tem um pentágono?";"4";"6";"7";"5";"D"
"167";"Matemática";"Fácil";"Qual é o MMC de 4 e 6?";"8";"24";"12";"6";"C"
"168";"Matemática";"Fácil";"Quanto é 2/3 de 90?";"45";"60";"30";"75";"B"
"169";"Matemática";"Fácil";"Pizza em 8 partes, comeu 3. Sobrou?";"3/8";"4/8";"5/8";"6/8";"C"
"170";"Matemática";"Fácil";"Perímetro de retângulo 8×3?";"24";"11";"22";"16";"C"
"171";"Matemática";"Fácil";"Quanto é 10³?";"30";"100";"300";"1000";"D"
"172";"Matemática";"Médio";"Valor de x em 3x − 7 = 14?";"5";"7";"9";"3";"B"
"173";"Matemática";"Médio";"Área do triângulo base 10, altura 6?";"60";"15";"30";"20";"C"
"174";"Matemática";"Médio";"Quanto é log₁₀(1000)?";"2";"10";"4";"3";"D"
"175";"Matemática";"Médio";"Discriminante de x² − 5x + 6 = 0?";"1";"−1";"4";"0";"A"
"176";"Matemática";"Médio";"Soma da PA: a₁=2, r=3, n=5?";"30";"40";"20";"35";"B"
"177";"Matemática";"Médio";"Quanto é sen(30°)?";"1";"√2/2";"√3/2";"1/2";"D"
"178";"Matemática";"Médio";"y = 2x + 3 com x = 4?";"9";"10";"11";"12";"C"
"179";"Matemática";"Médio";"Solução de 2x + 8 = 0?";"4";"−4";"2";"−2";"B"
"180";"Matemática";"Médio";"Raiz quadrada de 169?";"12";"14";"11";"13";"D"
"181";"Matemática";"Médio";"PG com a₁=2 e q=3, 4º termo?";"18";"54";"27";"36";"B"
"182";"Matemática";"Médio";"Coeficiente angular de y = 3x − 5?";"−5";"5";"3";"−3";"C"
"183";"Matemática";"Médio";"Quanto é cos(60°)?";"1";"√3/2";"1/2";"0";"C"
"184";"Matemática";"Médio";"Área do círculo raio 7 (π=3,14)?";"153,86";"43,96";"21,98";"307,72";"A"
"185";"Matemática";"Médio";"30% maior que 200 vale quanto?";"230";"240";"260";"250";"C"
"186";"Matemática";"Médio";"Quanto é 5! (fatorial de 5)?";"25";"60";"100";"120";"D"
"187";"Matemática";"Médio";"Hipotenusa do triângulo 3-4-?";"6";"7";"5";"8";"C"
"188";"Matemática";"Médio";"Solução de x² − 9 = 0?";"±3";"±9";"3";"9";"A"
"189";"Matemática";"Médio";"Quanto é tg(45°)?";"0";"√3";"1/2";"1";"D"
"190";"Matemática";"Médio";"Área do trapézio bases 8 e 4, altura 5?";"20";"40";"30";"60";"C"
"191";"Matemática";"Médio";"Resultado de C(5,2)?";"20";"5";"15";"10";"D"
"192";"Matemática";"Médio";"3 operários em 12 dias. 6 operários?";"8";"4";"6";"3";"C"
"193";"Matemática";"Médio";"Quanto é 2⁵?";"10";"16";"32";"64";"C"
"194";"Matemática";"Médio";"8º termo da PA 3, 7, 11, 15...?";"27";"31";"35";"29";"B"
"195";"Matemática";"Médio";"Quanto é log₂(64)?";"4";"8";"6";"32";"C"
"196";"Matemática";"Médio";"Produto escalar (2,3)·(4,−1)?";"−5";"8";"5";"2";"C"
"197";"Matemática";"Médio";"Uma torneira em 6h. Duas em?";"3h";"4h";"12h";"2h";"A"
"198";"Matemática";"Médio";"Reta por (0,2) com coef. angular 3?";"y=3x";"y=2x+3";"y=3x+2";"y=2x";"C"
"199";"Matemática";"Médio";"Permutação de 4 elementos P(4)?";"12";"24";"8";"16";"B"
"200";"Matemática";"Médio";"Quanto é (−3)²?";"−9";"6";"9";"−6";"C"
"201";"Matemática";"Médio";"Razão da PG 2, 6, 18, 54...?";"2";"4";"3";"6";"C"
"202";"Matemática";"Médio";"Soma da PG infinita 1, 1/2, 1/4...?";"3";"4";"2";"1";"C"
"203";"Matemática";"Médio";"Formas de organizar 5 pessoas em fila?";"25";"60";"100";"120";"D"
"204";"Matemática";"Médio";"Volume do cubo com aresta 4?";"48";"64";"16";"32";"B"
"205";"Matemática";"Médio";"Quanto é sen(90°)?";"0";"√2/2";"1/2";"1";"D"
"206";"Matemática";"Médio";"MDC de 48 e 36?";"6";"18";"8";"12";"D"
"207";"Matemática";"Médio";"Quanto é log₁₀(0,01)?";"−1";"2";"−2";"1";"C"
"208";"Matemática";"Médio";"f(x) = x²−2x+1, qual é f(3)?";"2";"4";"6";"8";"B"
"209";"Matemática";"Médio";"Setor circular raio 6, ângulo 60°?";"9,42";"18,84";"6,28";"12,57";"B"
"210";"Matemática";"Médio";"Quanto é i² (número imaginário)?";"1";"0";"2";"−1";"D"
"211";"Matemática";"Médio";"Quanto é C(8,3)?";"56";"24";"168";"40";"A"
"212";"Matemática";"Médio";"Diagonais de um hexágono?";"6";"9";"12";"15";"B"
"213";"Matemática";"Médio";"Quanto é 3/4 × 8/9?";"1/3";"11/13";"2/3";"24/72";"C"
"214";"Matemática";"Difícil";"Limite de (x²−1)/(x−1) quando x→1?";"1";"0";"Indefinido";"2";"D"
"215";"Matemática";"Difícil";"Derivada de f(x) = 3x²?";"6x";"3x";"9x²";"x³";"A"
"216";"Matemática";"Difícil";"Integral de 2x dx?";"2x²+C";"x+C";"2+C";"x²+C";"D"
"217";"Matemática";"Difícil";"Determinante de [[2,3],[1,4]]?";"5";"11";"8";"−5";"A"
"218";"Matemática";"Difícil";"P(A∩B) com P(A)=0,4 e P(B)=0,5?";"0,9";"0,2";"0,1";"0,45";"B"
"219";"Matemática";"Difícil";"Soma da PG infinita a₁=3, r=1/2?";"5";"4";"6";"8";"C"
"220";"Matemática";"Difícil";"Quanto é tg(30°)?";"1";"√3";"√3/3";"1/2";"C"
"221";"Matemática";"Difícil";"Circunferência centro (2,−3) raio 5?";"(x+2)²+(y−3)²=25";"(x−2)²+(y+3)²=25";"(x−2)²+(y+3)²=5";"x²+y²=25";"B"
"222";"Matemática";"Difícil";"Quanto é ∫₀¹ x² dx?";"1/2";"1";"1/4";"1/3";"D"
"223";"Matemática";"Difícil";"Derivada de sen(x)?";"−cos(x)";"tan(x)";"cos(x)";"−sen(x)";"C"
"224";"Matemática";"Difícil";"Módulo de z = 3 + 4i?";"7";"1";"25";"5";"D"
"225";"Matemática";"Difícil";"Sistema x+y=5 e x−y=1?";"x=2,y=3";"x=3,y=2";"x=4,y=1";"x=1,y=4";"B"
"226";"Matemática";"Difícil";"Laplace de f(t)=e^(at)?";"1/s";"s/(s−a)";"1/(s−a)";"1/(s+a)";"C"
"227";"Matemática";"Difícil";"Quanto é (1+i)²?";"1+2i";"2+2i";"2i";"2";"C"
"228";"Matemática";"Difícil";"10º termo da PA −3, 2, 7, 12...?";"37";"42";"47";"52";"B"
"229";"Matemática";"Difícil";"Derivada de ln(x)?";"1";"x";"e^x";"1/x";"D"
"230";"Matemática";"Difícil";"P(A∩B) com P(A|B)=0,3 e P(B)=0,4?";"0,7";"0,075";"0,12";"0,3";"C"
"231";"Matemática";"Difícil";"Solução de x² + 2x − 8 = 0?";"x=2 e x=−4";"x=4 e x=−2";"x=−2 e x=4";"x=2 e x=4";"A"
"232";"Matemática";"Difícil";"Integral de cos(x) dx?";"−cos(x)+C";"cos(x)+C";"−sen(x)+C";"sen(x)+C";"D"
"233";"Matemática";"Difícil";"Fórmula de Euler: e^(iπ) = ?";"1";"i";"0";"−1";"D"
"234";"Matemática";"Difícil";"[[1,2],[3,4]] × [[2,0],[1,1]] = ?";"[[4,2],[10,4]]";"[[2,0],[3,4]]";"[[3,1],[10,4]]";"[[4,3],[10,3]]";"A"
"235";"Matemática";"Difícil";"Variância de {2,4,4,4,5,5,7,9}?";"2,5";"3";"4";"2";"D"
"236";"Matemática";"Difícil";"Limite de sen(x)/x quando x→0?";"0";"Indefinido";"∞";"1";"D"
"237";"Matemática";"Difícil";"Quanto é C(n,0)?";"n";"n!";"0";"1";"D"
"238";"Matemática";"Difícil";"Derivada de x^n?";"x^(n−1)";"n⋅x";"n⋅x^(n−1)";"n^x";"C"
"239";"Matemática";"Difícil";"det(2A) se det(A)=3 (matriz 2×2)?";"6";"12";"9";"3";"B"
"240";"Matemática";"Difícil";"Integral de 1/x dx?";"x+C";"−1/x²+C";"1/(2x²)+C";"ln|x|+C";"D"
"241";"Matemática";"Difícil";"Elipse com a=5 e b=3?";"x²/25+y²/9=1";"x²/5+y²/3=1";"x²/9+y²/25=1";"x²/25−y²/9=1";"A"
"242";"Matemática";"Difícil";"Derivada de e^x?";"x⋅e^(x−1)";"1/e^x";"x";"e^x";"D"
"243";"Matemática";"Difícil";"Quanto é log₃(81)?";"3";"9";"5";"4";"D"
"244";"Matemática";"Difícil";"Soma PA n=10, a₁=1, aₙ=19?";"90";"100";"200";"110";"B"
"245";"Matemática";"Difícil";"Derivada de f(x) = x³ − 3x?";"3x−3";"x²−3";"3x²+3";"3x²−3";"D"
"246";"Matemática";"Difícil";"Quanto é (3+4i)(3−4i)?";"9−16";"0";"25";"7";"C"
"247";"Matemática";"Difícil";"Escolher 3 de 10 pessoas?";"30";"720";"120";"210";"D"
"248";"Matemática";"Difícil";"Período de f(x) = sen(2x)?";"4π";"π";"2π";"π/2";"B"
"249";"Matemática";"Difícil";"Integral de e^x dx?";"x⋅e^x+C";"e^(x+1)+C";"1/(e^x)+C";"e^x+C";"D"
"250";"Matemática";"Difícil";"Máximo de f(x) = −x²+4x−3?";"1";"3";"4";"2";"A"
"251";"Matemática";"Difícil";"Regra da cadeia para derivadas?";"f'(x)⋅g'(x)";"f'(g(x))⋅g'(x)";"f'(x)+g'(x)";"g'(f(x))";"B"
"252";"Matemática";"Difícil";"Limite de (1+1/n)^n quando n→∞?";"1";"π";"∞";"e";"D"
"253";"Matemática";"Difícil";"Distância entre (1,2) e (4,6)?";"5";"6";"3";"7";"A"
"254";"Matemática";"Difícil";"Diagonais de polígono n lados?";"n(n−1)/2";"n(n−3)";"n(n−2)/2";"n(n−3)/2";"D"
"255";"Matemática";"Difícil";"Inverso de [[1,2],[3,4]]?";"[[4,−2],[−3,1]]";"[[−2,1],[3/2,−1/2]]";"[[−4,2],[3,−1]]";"[[2,−1],[−3,1]]";"B"
"256";"Português";"Fácil";"O que é um substantivo?";"Indica ação";"Nomeia seres e coisas";"Qualifica";"Liga orações";"B"
"257";"Português";"Fácil";"Plural de 'cidadão'?";"cidadões";"cidadãos";"cidadons";"cidadoes";"B"
"258";"Português";"Fácil";"O que é um adjetivo?";"Substitui substantivo";"Indica ação";"Qualifica o substantivo";"Conecta orações";"C"
"259";"Português";"Fácil";"Pontuação de frase interrogativa?";"Ponto final";"Exclamação";"Interrogação";"Reticências";"C"
"260";"Português";"Fácil";"O que é sinônimo?";"Sentido oposto";"Sentido semelhante";"Sem sentido";"Palavras compostas";"B"
"261";"Português";"Fácil";"Sujeito de 'Os alunos estudaram muito'?";"estudaram";"muito";"Os alunos";"alunos muito";"C"
"262";"Português";"Fácil";"O que é um verbo?";"Nomeia seres";"Exprime ação ou estado";"Qualifica";"Indica lugar";"B"
"263";"Português";"Fácil";"Qual está escrito corretamente?";"meia-noite";"meiaNoite";"meia noite";"meia_noite";"A"
"264";"Português";"Fácil";"O que é antônimo?";"Sentido semelhante";"Sentido oposto";"Mesmo som";"Palavra composta";"B"
"265";"Português";"Fácil";"Feminino de 'ator'?";"atora";"atriz";"atrisa";"atrice";"B"
"266";"Português";"Fácil";"Qual palavra é pronome?";"Correr";"Bonito";"Ele";"Mesa";"C"
"267";"Português";"Fácil";"O que é uma vírgula?";"Pausa longa";"Pausa breve que separa";"Encerramento";"Continuidade";"B"
"268";"Português";"Fácil";"Diminutivo de 'casa'?";"casona";"casinha";"casarão";"casada";"B"
"269";"Português";"Fácil";"O que é uma preposição?";"Expressa ação";"Liga palavras ou orações";"Qualifica";"Substitui substantivo";"B"
"270";"Português";"Fácil";"Qual tem erro ortográfico?";"exceção";"acidente";"exercício";"excessão";"D"
"271";"Português";"Fácil";"O que é parágrafo?";"Letra maiúscula";"Bloco que desenvolve ideia";"Pontuação";"Um conectivo";"B"
"272";"Português";"Fácil";"Plural de 'mão'?";"mãos";"mãoes";"mãs";"mãs";"A"
"273";"Português";"Fácil";"O que significa 'conotação'?";"Sentido literal";"Sentido figurado";"Pontuação";"Figura de linguagem";"B"
"274";"Português";"Fácil";"Aumentativo de 'livro'?";"livrinho";"livrão";"livrete";"livretão";"B"
"275";"Português";"Fácil";"O que é texto narrativo?";"Descreve características";"Conta uma história";"Argumenta";"Instrui";"B"
"276";"Português";"Fácil";"Qual palavra é advérbio?";"Mesa";"Bonito";"Rapidamente";"Correr";"C"
"277";"Português";"Fácil";"O que é homonímia?";"Mesmo significado";"Mesmo som, sentidos diferentes";"Palavras derivadas";"Palavras compostas";"B"
"278";"Português";"Fácil";"Coletivo de 'peixes'?";"matilha";"cardume";"alcateia";"enxame";"B"
"279";"Português";"Fácil";"O que são reticências?";"Pausa definitiva";"Continuação ou suspense";"Delimitam expressões";"Ligam palavras";"B"
"280";"Português";"Fácil";"Plural de 'leão'?";"leãos";"leões";"leãoes";"leoes";"B"
"281";"Português";"Fácil";"O que é texto descritivo?";"Narra eventos";"Apresenta características";"Argumenta";"Instrui";"B"
"282";"Português";"Fácil";"Qual é substantivo abstrato?";"Mesa";"Cadeira";"Felicidade";"Rio";"C"
"283";"Português";"Fácil";"O que é uma conjunção?";"Nomeia";"Liga palavras ou orações";"Qualifica";"Intensifica";"B"
"284";"Português";"Fácil";"Qual é a grafia correta?";"nascer";"nascer";"nacer";"nasser";"A"
"285";"Português";"Fácil";"O que é texto dissertativo?";"Conta história";"Descreve lugares";"Defende ponto de vista";"Dá instruções";"C"
"286";"Português";"Fácil";"Qual alternativa está correta?";"ele veio onti";"ele veiu ontem";"ele veio ontem";"ele vejo ontem";"C"
"287";"Português";"Fácil";"O que é denotação?";"Sentido figurado";"Sentido literal";"Ironia";"Metáfora";"B"
"288";"Português";"Fácil";"Plural correto de 'lápis'?";"lápises";"lápiss";"lápis";"lápins";"C"
"289";"Português";"Fácil";"Qual palavra é verbo?";"Azul";"Correr";"Rápido";"Livro";"B"
"290";"Português";"Fácil";"O que é conjunção adversativa?";"Indica adição";"Indica contraste";"Indica causa";"Indica conclusão";"B"
"291";"Português";"Fácil";"Qual forma está correta?";"a gente vamos";"a gente vai";"a gente vão";"a gente foram";"B"
"292";"Português";"Fácil";"O que é texto instrucional?";"Conta história";"Descreve algo";"Argumenta";"Ensina passo a passo";"D"
"293";"Português";"Fácil";"Qual deriva de 'feliz'?";"infeliz";"flor";"correr";"mesa";"A"
"294";"Português";"Fácil";"Qual é escrita com acento?";"cafe";"agua";"voce";"pé";"D"
"295";"Português";"Fácil";"O que são aspas?";"Indicam pausa";"Delimitam citações e falas";"Só indicam ironia";"Conectam palavras";"B"
"296";"Português";"Fácil";"Masculino de 'vaca'?";"vacão";"boi";"vacuo";"bovino";"B"
"297";"Português";"Fácil";"O que é uma fábula?";"Poema sobre natureza";"Conto com lição moral";"Romance histórico";"Texto jornalístico";"B"
"298";"Português";"Fácil";"Qual contém um adjetivo?";"Correu rapidamente";"O cão esperto latiu";"Mesa de madeira";"Ela dançou";"B"
"299";"Português";"Médio";"O que é uma metáfora?";"Comparação com 'como'";"Comparação implícita";"Repetição de sons";"Exagero";"B"
"300";"Português";"Médio";"O que significa 'efêmero'?";"Eterno";"Passageiro, breve";"Muito grande";"Muito forte";"B"
"301";"Português";"Médio";"O que é oração subordinada substantiva?";"Modifica substantivo";"Exerce função de substantivo";"Coordenada";"Independente";"B"
"302";"Português";"Médio";"Figura em 'a vida é uma viagem'?";"Comparação";"Hipérbole";"Metáfora";"Metonímia";"C"
"303";"Português";"Médio";"O que é catacrese?";"Repetição de palavras";"Expressão desgastada (ex: pé da mesa)";"Comparação direta";"Ironia";"B"
"304";"Português";"Médio";"O que é sujeito desinencial?";"Expresso por substantivo";"Indicado pela terminação verbal";"Inexistente";"Indeterminado";"B"
"305";"Português";"Médio";"O que é metonímia?";"Sentido oposto";"Substituição por proximidade";"Comparação implícita";"Exagero";"B"
"306";"Português";"Médio";"Complemento de verbo transitivo direto?";"Adjunto adverbial";"Objeto direto";"Objeto indireto";"Predicativo";"B"
"307";"Português";"Médio";"O que é um oxímoro?";"Sinônimos juntos";"Termos contraditórios juntos";"Repetição de sons";"Comparação";"B"
"308";"Português";"Médio";"O que é a norma culta?";"Dialeto popular";"Variedade formal da língua";"Linguajar regional";"Jargão técnico";"B"
"309";"Português";"Médio";"O que é aliteração?";"Repetição de vogais";"Repetição de consoantes";"Comparação sonora";"Inversão de palavras";"B"
"310";"Português";"Médio";"Período composto por coordenação?";"Orações dependentes";"Orações independentes ligadas";"Uma única oração";"Oração subordinada";"B"
"311";"Português";"Médio";"O que é o vocativo?";"Complemento verbal";"Dirige-se a alguém";"Sujeito da oração";"Adjunto adnominal";"B"
"312";"Português";"Médio";"O que é eufemismo?";"Exagero irônico";"Suavização da expressão";"Comparação direta";"Repetição";"B"
"313";"Português";"Médio";"Diferença entre 'onde' e 'aonde'?";"São iguais";"Onde=posição, aonde=movimento";"Aonde é mais formal";"Onde é moderno";"B"
"314";"Português";"Médio";"O que é período simples?";"Muitas orações";"Uma única oração";"Sem sujeito";"Coordenado";"B"
"315";"Português";"Médio";"O que é hipérbole?";"Comparação direta";"Exagero expressivo";"Inversão de palavras";"Repetição";"B"
"316";"Português";"Médio";"O que é adjunto adnominal?";"Modifica o verbo";"Modifica o substantivo";"Complementa verbo";"Indica circunstância";"B"
"317";"Português";"Médio";"O que é ironia?";"Diz o que pensa";"Diz o oposto com crítica";"Uma comparação";"Uma metáfora";"B"
"318";"Português";"Médio";"O que é voz passiva analítica?";"Sujeito pratica";"Sujeito recebe a ação";"Ação sem sujeito";"Sujeito indeterminado";"B"
"319";"Português";"Médio";"O que é anáfora?";"Repetição no final";"Repetição no início das frases";"Figura semântica";"Inversão sintática";"B"
"320";"Português";"Médio";"O que é predicado verbal?";"Com verbo de ligação";"Núcleo é verbo de ação";"Sem verbo";"Com adjunto";"B"
"321";"Português";"Médio";"O que é crase?";"Fusão do 'a' preposição + artigo";"Uma pontuação";"Tipo de acento";"Figura de linguagem";"A"
"322";"Português";"Médio";"Diferença entre 'mal' e 'mau'?";"São sinônimos";"Mal=advérbio, mau=adjetivo";"Mau é advérbio";"São antônimos";"B"
"323";"Português";"Médio";"O que é personificação?";"Compara humanos";"Atribui características humanas a não humanos";"Repetição de sons";"Exagero";"B"
"324";"Português";"Médio";"O que é texto jornalístico informativo?";"Ficção";"Relata fatos objetivamente";"Argumenta";"Descreve personagens";"B"
"325";"Português";"Médio";"O que é silepse de gênero?";"Concordância pelo sentido";"Concordância normal";"Erro ortográfico";"Pontuação incorreta";"A"
"326";"Português";"Médio";"Função do travessão?";"Pausa breve";"Indica fala ou expressão intercalada";"Indica ironia";"Finaliza frases";"B"
"327";"Português";"Médio";"O que é texto épico?";"Texto lírico";"Narra feitos heroicos";"Texto argumentativo";"Descritivo";"B"
"328";"Português";"Médio";"O que é elipse?";"Repetição desnecessária";"Omissão de termo subentendido";"Figura sonora";"Inversão sintática";"B"
"329";"Português";"Médio";"O que é polissemia?";"Um único significado";"Múltiplos significados";"Sons iguais";"Palavras compostas";"B"
"330";"Português";"Médio";"Período composto por subordinação?";"Orações independentes";"Uma depende da outra";"Sem conectivo";"Coordenadas";"B"
"331";"Português";"Médio";"O que é predicativo do sujeito?";"Complemento verbal";"Caracteriza o sujeito";"Adjunto adverbial";"Objeto indireto";"B"
"332";"Português";"Médio";"O que são parônimos?";"Mesmo significado";"Grafia parecida, sentidos diferentes";"São antônimos";"São sinônimos";"B"
"333";"Português";"Médio";"O que é discurso direto?";"Narrador conta";"Fala reproduzida literalmente";"Mistura fala e narração";"Fala indireta";"B"
"334";"Português";"Médio";"O que é conjunção causal?";"Indica adição";"Indica a causa (porque, pois)";"Indica contraste";"Indica conclusão";"B"
"335";"Português";"Médio";"O que é sujeito indeterminado?";"Expresso claramente";"Existe mas não identificado";"Sem verbo";"Verbo sem sujeito";"B"
"336";"Português";"Médio";"O que é oração adverbial temporal?";"Indica causa";"Indica tempo da ação";"Indica condição";"Indica concessão";"B"
"337";"Português";"Médio";"O que é texto de propaganda?";"Texto neutro";"Linguagem persuasiva";"Texto narrativo";"Descritivo";"B"
"338";"Português";"Médio";"O que é zeugma?";"Repetição de palavras";"Omissão de palavra já dita";"Inversão de ordem";"Comparação";"B"
"339";"Português";"Médio";"O que é complemento nominal?";"Complementa verbo";"Complementa nome ou adjetivo";"Modifica advérbio";"Adjunto adverbial";"B"
"340";"Português";"Médio";"O que é oração adjetiva restritiva?";"Informação dispensável";"Restringe o substantivo";"Vem entre vírgulas";"Oração independente";"B"
"341";"Português";"Difícil";"O que é enunciado performativo?";"Frase declarativa";"Ao dito, realiza uma ação";"Pergunta retórica";"Frase exclamativa";"B"
"342";"Português";"Difícil";"O que é a teoria da relevância?";"Gramática normativa";"Equilíbrio entre esforço e efeito";"Teoria fonológica";"Morfologia";"B"
"343";"Português";"Difícil";"O que é o princípio cooperativo de Grice?";"Regra gramatical";"Máximas da comunicação eficiente";"Figura de linguagem";"Norma ortográfica";"B"
"344";"Português";"Difícil";"O que é análise do discurso?";"Gramática normativa";"Estuda produção e sentido dos discursos";"Análise morfológica";"Figuras de linguagem";"B"
"345";"Português";"Difícil";"O que é dialogismo em Bakhtin?";"Textos monológicos";"Texto permeado por outras vozes";"Técnica narrativa";"Gênero textual";"B"
"346";"Português";"Difícil";"O que é enálage?";"Inversão sintática";"Uso de forma gramatical por outra";"Elipse verbal";"Anacoluto";"B"
"347";"Português";"Difícil";"O que é anacoluto?";"Repetição de palavras";"Ruptura sintática na frase";"Omissão de termo";"Inversão";"B"
"348";"Português";"Difícil";"O que é intertextualidade?";"Texto sem referências";"Relação entre textos";"Figura sonora";"Gênero textual";"B"
"349";"Português";"Difícil";"O que é silepse de pessoa?";"Concordância de gênero";"Concordância pelo sentido da pessoa";"Elipse de sujeito";"Voz passiva";"B"
"350";"Português";"Difícil";"Diferença entre língua e discurso em Saussure?";"São equivalentes";"Língua=sistema, discurso=uso individual";"Discurso é coletivo";"Língua é individual";"B"
"351";"Português";"Difícil";"O que é hipotaxe?";"Coordenação";"Subordinação entre orações";"Justaposição";"Elipse";"B"
"352";"Português";"Difícil";"O que é polifonia textual?";"Uma única voz";"Múltiplas vozes no texto";"Gênero musical";"Figura de linguagem";"B"
"353";"Português";"Difícil";"O que é epanadiplose?";"Repetição no meio";"Frase começa e termina igual";"Inversão sintática";"Omissão de verbo";"B"
"354";"Português";"Difícil";"O que é coesão textual?";"Organização visual";"Liga as partes do texto";"O tema";"A argumentação";"B"
"355";"Português";"Difícil";"O que é coerência textual?";"Ligação gramatical";"Unidade lógica de sentido";"Pontuação correta";"Ortografia";"B"
"356";"Português";"Difícil";"O que é gradação (clímax)?";"Inversão de ideias";"Progressão crescente ou decrescente";"Repetição sonora";"Omissão";"B"
"357";"Português";"Difícil";"O que é antítese?";"Sinônimos em sequência";"Oposição de ideias";"Figura sonora";"Elipse";"B"
"358";"Português";"Difícil";"O que é gênero discursivo em Bakhtin?";"Estrutura gramatical";"Enunciados em situações recorrentes";"Figura de linguagem";"Estilo literário";"B"
"359";"Português";"Difícil";"O que é paronomásia?";"Uso de sinônimos";"Palavras parecidas com efeito";"Repetição idêntica";"Antítese";"B"
"360";"Português";"Difícil";"O que é funcionalismo linguístico?";"Gramática histórica";"Língua em uso com funções comunicativas";"Análise fonológica";"Morfologia";"B"
"361";"Português";"Difícil";"O que é quiasmo?";"Repetição simples";"Inversão cruzada (ABBA)";"Figura sonora";"Gradação";"B"
"362";"Português";"Difícil";"O que é intencionalidade textual?";"Clareza ortográfica";"Intenção do produtor no texto";"O tema central";"A pontuação";"B"
"363";"Português";"Difícil";"O que é a estilística?";"Gramática normativa";"Recursos expressivos da língua";"Fonologia";"Morfologia";"B"
"364";"Português";"Difícil";"O que é sinonímia contextual?";"Mesmo significado dicionarizado";"Substituíveis no contexto";"Sons iguais";"Antonímia";"B"
"365";"Português";"Difícil";"O que é acepção?";"O som de uma palavra";"Cada significado da palavra";"A etimologia";"A classificação";"B"
"366";"Português";"Difícil";"O que é paradoxo?";"Afirmações absurdas com verdade";"Erro lógico";"Comparação";"Metáfora";"A"
"367";"Português";"Difícil";"O que é estilo indireto livre?";"Discurso direto";"Narrador e personagem misturados";"Discurso indireto formal";"Monólogo";"B"
"368";"Português";"Difícil";"O que é derivação prefixal?";"Formação por sufixo";"Adição de prefixo ao radical";"Composição";"Justaposição";"B"
"369";"Português";"Difícil";"O que é isotopia?";"Mudança de tema";"Traços semânticos recorrentes";"Figura sonora";"Gênero textual";"B"
"370";"Português";"Difícil";"O que é texto multimodal?";"Só verbal";"Combina linguagens diferentes";"Texto poético";"Jornalístico";"B"
"371";"Português";"Difícil";"O que é pragmática linguística?";"Estudo dos sons";"Língua em contexto e intenções";"Morfologia";"Sintaxe";"B"
"372";"Português";"Difícil";"O que é zeugma nominal?";"Repetição do substantivo";"Omissão de substantivo subentendido";"Inversão do sujeito";"Pleonasmo";"B"
"373";"Português";"Difícil";"O que é 'stream of consciousness'?";"Narrador onisciente";"Pensamento livre do personagem";"Narrador personagem";"Discurso direto";"B"
"374";"Português";"Difícil";"O que é teoria dos protótipos?";"Classificação gramatical";"Categorização por exemplares típicos";"Estudo de metáforas";"Fonologia";"B"
"375";"Português";"Difícil";"O que é nominalização?";"Verbo em adjetivo";"Ações transformadas em substantivos";"Criar neologismos";"Inversão";"B"
"376";"Português";"Difícil";"O que é ambiguidade linguística?";"Texto sem sentido";"Mais de uma leitura possível";"Uso de metáforas";"Coerência";"B"
"377";"Português";"Difícil";"O que é pleonasmo vicioso?";"Repetição para ênfase";"Repetição redundante e desnecessária";"Figura de estilo";"Elipse";"B"
"378";"Português";"Difícil";"O que é registro linguístico?";"A ortografia";"Variedade conforme a situação";"Um dialeto";"Uma norma";"B"
"379";"Português";"Difícil";"O que é hibridismo lexical?";"Palavra latina pura";"Combina elementos de línguas diferentes";"Palavra popular";"Neologismo";"B"
"380";"Português";"Difícil";"O que é topos retórico?";"Tipo de pontuação";"Argumento para persuadir";"Figura sonora";"Gênero textual";"B"
"381";"Português";"Difícil";"O que é enunciação em Benveniste?";"O texto escrito";"Ato de produzir o enunciado";"Gramática normativa";"Morfologia";"B"
"382";"Português";"Difícil";"O que é heteroglossia em Bakhtin?";"Um único estilo";"Multiplicidade de vozes e estilos";"Figura de linguagem";"Gênero épico";"B"
"383";"Ciências";"Fácil";"Gás que humanos respiram para sobreviver?";"CO₂";"Hidrogênio";"Oxigênio";"Nitrogênio";"C"
"384";"Ciências";"Fácil";"Quantos planetas tem o Sistema Solar?";"7";"9";"8";"10";"C"
"385";"Ciências";"Fácil";"Maior órgão do corpo humano?";"Fígado";"Cérebro";"Coração";"Pele";"D"
"386";"Ciências";"Fácil";"O que a fotossíntese produz?";"Oxigênio a partir de luz";"Consome oxigênio";"Produz CO₂";"Decompõe matéria";"A"
"387";"Ciências";"Fácil";"Fórmula química da água?";"CO₂";"NaCl";"H₂O";"O₂";"C"
"388";"Ciências";"Fácil";"Quantos cromossomos têm as células humanas?";"23";"36";"46";"48";"C"
"389";"Ciências";"Fácil";"Planeta mais próximo do Sol?";"Vênus";"Terra";"Mercúrio";"Marte";"C"
"390";"Ciências";"Fácil";"O que é uma célula?";"Unidade básica da vida";"Tipo de vírus";"Partícula atômica";"Tecido muscular";"A"
"391";"Ciências";"Fácil";"O que é um átomo?";"Menor partícula de um elemento";"Tipo de molécula";"Tipo de célula";"Partícula subatômica";"A"
"392";"Ciências";"Fácil";"Camada mais externa da Terra?";"Manto";"Núcleo";"Crosta";"Astenosfera";"C"
"393";"Ciências";"Fácil";"Maior planeta do Sistema Solar?";"Saturno";"Urano";"Netuno";"Júpiter";"D"
"394";"Ciências";"Fácil";"O que é a gravidade?";"Força de repulsão";"Força de atração entre massas";"Energia elétrica";"Força magnética";"B"
"395";"Ciências";"Fácil";"Símbolo químico do ouro?";"Or";"Go";"Ag";"Au";"D"
"396";"Ciências";"Fácil";"O que é evaporação?";"Líquido → sólido";"Sólido → líquido";"Líquido → gás";"Gás → líquido";"C"
"397";"Ciências";"Fácil";"Quantos ossos tem o adulto?";"106";"206";"306";"406";"B"
"398";"Ciências";"Fácil";"O que é a clorofila?";"Pigmento verde das plantas";"Um mineral";"Proteína animal";"Vitamina";"A"
"399";"Ciências";"Fácil";"Símbolo químico do ferro?";"Fe";"Fr";"Fo";"Fi";"A"
"400";"Ciências";"Fácil";"O que é um ecossistema?";"Só os animais";"Seres vivos e ambiente interagindo";"Tipo de bioma";"Uma espécie";"B"
"401";"Ciências";"Fácil";"O que é respiração celular?";"O ato de respirar";"Produz energia nas células";"A fotossíntese";"A digestão";"B"
"402";"Ciências";"Fácil";"Planeta mais frio do Sistema Solar?";"Plutão";"Saturno";"Netuno";"Urano";"C"
"403";"Ciências";"Fácil";"O que são decompositores?";"Produtores de alimento";"Decompõem matéria morta";"Predadores";"Herbívoros";"B"
"404";"Ciências";"Fácil";"Símbolo químico do oxigênio?";"Ox";"O";"Og";"Oz";"B"
"405";"Ciências";"Fácil";"O que é o ciclo da água?";"Purificação da água";"Circulação por evaporação e precipitação";"Filtração industrial";"Poluição";"B"
"406";"Ciências";"Fácil";"O que é herbívoro?";"Come animais";"Come plantas";"Come tudo";"Fungo";"B"
"407";"Ciências";"Fácil";"Unidade básica do sistema nervoso?";"Músculo";"Hormônio";"Neurônio";"Osso";"C"
"408";"Ciências";"Fácil";"O que é metamorfose?";"Tipo de reprodução";"Transformação ao longo da vida";"Tipo de alimentação";"Migração";"B"
"409";"Ciências";"Fácil";"Símbolo químico do sódio?";"Sd";"So";"Na";"Sa";"C"
"410";"Ciências";"Fácil";"O que é cadeia alimentar?";"Dieta de um animal";"Cada ser serve de alimento ao próximo";"Tipo de ecossistema";"Teia de aranha";"B"
"411";"Ciências";"Fácil";"Estado da água a 0°C?";"Gasoso";"Líquido";"Sólido";"Plasma";"C"
"412";"Ciências";"Fácil";"O que é o DNA?";"Tipo de proteína";"Carrega informações genéticas";"Tipo de lipídio";"Enzima digestiva";"B"
"413";"Ciências";"Fácil";"O que é um mineral?";"Tipo de animal";"Substância inorgânica natural";"Planta fóssil";"Tipo de vitamina";"B"
"414";"Ciências";"Fácil";"Principal fonte de energia do corpo?";"Gorduras";"Vitaminas";"Proteínas";"Carboidratos";"D"
"415";"Ciências";"Fácil";"O que é o efeito estufa natural?";"Só prejudicial";"Mantém a Terra aquecida";"Tipo de poluição";"Buraco de ozônio";"B"
"416";"Ciências";"Fácil";"Gás produzido na fotossíntese?";"CO₂";"N₂";"O₂";"H₂";"C"
"417";"Ciências";"Fácil";"O que é um vírus?";"Ser unicelular";"Precisa de hospedeiro para reproduzir";"Uma bactéria";"Um fungo";"B"
"418";"Ciências";"Fácil";"O que é biodiversidade?";"Só habitats";"Variedade de formas de vida";"Diversidade climática";"Diversidade mineral";"B"
"419";"Ciências";"Fácil";"Principal gás da atmosfera?";"Oxigênio";"Argônio";"Nitrogênio";"CO₂";"C"
"420";"Ciências";"Fácil";"O que é energia solar?";"Energia do vento";"Energia do interior da Terra";"Energia da radiação do Sol";"Energia hídrica";"C"
"421";"Ciências";"Fácil";"O que é pasteurização?";"Tipo de fermentação";"Aquecimento para eliminar microrganismos";"Refrigeração";"Processo químico";"B"
"422";"Ciências";"Fácil";"O que é predação?";"Mutualismo";"Predador captura e come a presa";"Competição";"Parasitismo";"B"
"423";"Ciências";"Fácil";"Símbolo do carbono?";"Ca";"Co";"Cr";"C";"D"
"424";"Ciências";"Fácil";"O que é endotérmico?";"Sangue frio";"Regula a própria temperatura";"Animal aquático";"Animal noturno";"B"
"425";"Ciências";"Fácil";"O que é a camada de ozônio?";"Nuvem de poluição";"Protege da radiação UV";"O CO₂ da atmosfera";"A troposfera";"B"
"426";"Ciências";"Médio";"O que é a Lei de Lavoisier?";"Massa é criada";"Massa total é conservada";"Energia é conservada";"Volume é conservado";"B"
"427";"Ciências";"Médio";"O que é seleção natural?";"Seleção artificial";"Adaptados sobrevivem mais";"Mutação aleatória";"Migração";"B"
"428";"Ciências";"Médio";"O que é número atômico?";"Número de nêutrons";"Elétrons externos";"Número de prótons";"Massa do átomo";"C"
"429";"Ciências";"Médio";"O que é valência química?";"Massa molar";"Capacidade de combinação";"Número de prótons";"Carga elétrica";"B"
"430";"Ciências";"Médio";"O que é osmose?";"Difusão de sólidos";"Solvente por membrana semipermeável";"Transporte ativo";"Difusão de gases";"B"
"431";"Ciências";"Médio";"Fórmula do gás carbônico?";"CO";"CO₂";"C₂O";"CO₃";"B"
"432";"Ciências";"Médio";"O que são isótopos?";"Mesmo número de prótons, nêutrons diferentes";"Mesma massa";"Átomos carregados";"Moléculas iguais";"A"
"433";"Ciências";"Médio";"O que é mitose?";"Gera gametas";"Gera células-filhas idênticas";"Fusão de células";"Morte celular";"B"
"434";"Ciências";"Médio";"O que é meiose?";"Gera células somáticas";"Gera quatro células haploides";"Duplicação do DNA";"Fissão celular";"B"
"435";"Ciências";"Médio";"O que é a 2ª Lei da Termodinâmica?";"Energia conservada";"Entropia tende a aumentar";"Força e aceleração";"Pressão e volume";"B"
"436";"Ciências";"Médio";"O que é um catalisador?";"Substância consumida";"Acelera sem ser consumido";"Reagente principal";"Produto da reação";"B"
"437";"Ciências";"Médio";"O que é pH?";"% de hidrogênio";"Mede acidez de solução (0-14)";"Pressão hidrostática";"Potencial elétrico";"B"
"438";"Ciências";"Médio";"O que é a Lei de Ohm?";"V = IR";"F = ma";"E = mc²";"P = W/t";"A"
"439";"Ciências";"Médio";"O que é ligação covalente?";"Transferência de elétrons";"Compartilhamento de elétrons";"Força eletrostática";"Ligação metálica";"B"
"440";"Ciências";"Médio";"O que é efeito fotoelétrico?";"Luz criando calor";"Elétrons emitidos por luz";"Reflexão de luz";"Difração de ondas";"B"
"441";"Ciências";"Médio";"O que é endossimbiose?";"Competição";"Mitocôndrias vieram de bactérias internas";"Parasitismo";"Mutualismo";"B"
"442";"Ciências";"Médio";"O que é pressão osmótica?";"Pressão mecânica";"Impede fluxo por osmose";"Pressão atmosférica";"Hidrostática";"B"
"443";"Ciências";"Médio";"O que é especiação?";"Extinção";"Novas espécies se formam";"Mutação de genes";"Hibridação";"B"
"444";"Ciências";"Médio";"O que é a Lei da Gravitação Universal?";"F = ma";"Atração proporcional às massas";"E = mc²";"PV = nRT";"B"
"445";"Ciências";"Médio";"O que é fermentação?";"Respiração aeróbica";"Energia sem oxigênio";"Fotossíntese";"Digestão";"B"
"446";"Ciências";"Médio";"O que é a Tabela Periódica?";"Lista de organismos";"Organiza elementos químicos";"Tabela de reações";"Lista de compostos";"B"
"447";"Ciências";"Médio";"O que é homeostase?";"Reprodução celular";"Mantém equilíbrio interno";"Metabolismo acelerado";"Digestão";"B"
"448";"Ciências";"Médio";"O que são ondas eletromagnéticas?";"Precisam de meio material";"Campo elétrico e magnético";"Só luz visível";"Só ondas de rádio";"B"
"449";"Ciências";"Médio";"O que é E=mc²?";"Energia cinética";"Massa equivale a energia";"Lei da termodinâmica";"Força gravitacional";"B"
"450";"Ciências";"Médio";"O que é mutação genética?";"Reprodução normal";"Alteração no DNA";"Divisão celular";"Transcrição";"B"
"451";"Ciências";"Médio";"O que é a teoria celular?";"Todos os seres têm células como unidade básica";"Teoria sobre átomos";"Lei da termodinâmica";"Teoria gravitacional";"A"
"452";"Ciências";"Médio";"O que é difusão?";"Transporte ativo";"De maior para menor concentração";"Osmose";"Endocitose";"B"
"453";"Ciências";"Médio";"O que é a Lei dos Gases Ideais?";"Pressão e temperatura";"PV=nRT relaciona pressão, volume, T";"Lei gravitacional";"1ª lei termodinâmica";"B"
"454";"Ciências";"Médio";"O que é um anticorpo?";"Uma bactéria";"Proteína que combate antígenos";"Um vírus";"Um hormônio";"B"
"455";"Ciências";"Médio";"O que é o efeito Doppler?";"Reflexo da luz";"Mudança de frequência por movimento";"Difração sonora";"Refração";"B"
"456";"Ciências";"Médio";"O que é genótipo?";"Características visíveis";"Composição genética do organismo";"O ambiente";"O fenótipo";"B"
"457";"Ciências";"Médio";"O que é fenótipo?";"Os genes";"Expressão visível das características";"O DNA";"O cromossomo";"B"
"458";"Ciências";"Médio";"O que é a Lei de Mendel da Segregação?";"Genes se misturam";"Alelos se separam na formação dos gametas";"Genes dominantes";"Genes ambientais";"B"
"459";"Ciências";"Médio";"O que é biomassa?";"Massa de minerais";"Matéria orgânica viva no ecossistema";"Gases atmosféricos";"Litosfera";"B"
"460";"Ciências";"Médio";"O que é movimento browniano?";"Movimento planejado";"Movimento aleatório de partículas";"Movimento orbital";"Ondulatório";"B"
"461";"Ciências";"Médio";"O que é um hormônio?";"Enzima digestiva";"Regula funções fisiológicas";"Proteína estrutural";"Um anticorpo";"B"
"462";"Ciências";"Médio";"O que é pressão atmosférica?";"Temperatura do ar";"Peso da coluna de ar";"Umidade do ar";"Velocidade do vento";"B"
"463";"Ciências";"Médio";"O que é síntese proteica?";"Digestão de proteínas";"Produção de proteínas via DNA";"Respiração celular";"Fotossíntese";"B"
"464";"Ciências";"Médio";"O que é o ciclo do nitrogênio?";"Ciclo da água";"Circulação do nitrogênio no ambiente";"Ciclo do carbono";"Cadeia alimentar";"B"
"465";"Ciências";"Médio";"O que é o teorema de Bernoulli?";"Lei da viscosidade";"Velocidade maior, pressão menor";"Lei da gravidade";"Compressibilidade";"B"
"466";"Ciências";"Médio";"O que são raios-X?";"Ondas de rádio";"Radiação que penetra tecidos moles";"Luz visível";"Infravermelho";"B"
"467";"Ciências";"Médio";"O que é o empuxo (Archimedes)?";"Força gravitacional";"Força de fluido para cima";"Força de atrito";"Força elástica";"B"
"468";"Ciências";"Difícil";"O que é o princípio de Heisenberg?";"Medição ilimitada";"Posição e momento não medidos juntos";"Energia conservada";"Comportamento determinístico";"B"
"469";"Ciências";"Difícil";"O que é superposição quântica?";"Dois átomos no mesmo local";"Múltiplos estados simultâneos";"Tipo de ligação";"Fusão nuclear";"B"
"470";"Ciências";"Difícil";"O que é relatividade restrita?";"Gravidade curva espaço";"Leis físicas iguais em referenciais inerciais";"Tempo absoluto";"Massa e energia independentes";"B"
"471";"Ciências";"Difícil";"O que é dualidade onda-partícula?";"Ondas e partículas distintas";"Elétrons têm comportamento de onda e partícula";"Só fótons têm dualidade";"Só elétrons têm massa";"B"
"472";"Ciências";"Difícil";"O que é emaranhamento quântico?";"Partículas se repelem";"Estado de uma afeta outra à distância";"Força eletromagnética";"Fusão de partículas";"B"
"473";"Ciências";"Difícil";"O que é CRISPR-Cas9?";"Tipo de vírus";"Edição genética precisa de DNA";"Um hormônio";"Tipo de bactéria";"B"
"474";"Ciências";"Difícil";"O que é a força forte nuclear?";"Gravidade ampliada";"Mantém quarks nos prótons";"Força eletromagnética";"Van der Waals";"B"
"475";"Ciências";"Difícil";"O que é entropia termodinâmica?";"Energia total";"Medida da desordem do sistema";"Temperatura";"Pressão do sistema";"B"
"476";"Ciências";"Difícil";"O que é a equação de Schrödinger?";"Equação clássica";"Descreve evolução do estado quântico";"Lei gravitacional";"Equação de calor";"B"
"477";"Ciências";"Difícil";"O que é matéria escura?";"Matéria visível";"Não interage com luz, tem gravidade";"Buracos negros";"Estrelas apagadas";"B"
"478";"Ciências";"Difícil";"O que é deriva genética?";"Seleção natural";"Mudança aleatória em populações pequenas";"Mutação dirigida";"Especiação";"B"
"479";"Ciências";"Difícil";"O que é a constante de Planck?";"Constante gravitacional";"Relaciona energia do fóton à frequência";"Velocidade da luz";"Carga do elétron";"B"
"480";"Ciências";"Difícil";"O que é o paradoxo de Fermi?";"Problema quântico";"Vida extraterrestre provável, mas sem evidência";"Radioatividade";"Termodinâmica";"B"
"481";"Ciências";"Difícil";"O que é a hipótese de Gaia?";"Terra é ser vivo";"Terra e biosfera autorregulam condições";"Teoria geológica";"Teoria evolutiva";"B"
"482";"Ciências";"Difícil";"O que é RMN (ressonância magnética)?";"Tipo de raio-X";"Usa campos magnéticos para imagens";"Tipo de ultrassom";"Tomografia";"B"
"483";"Ciências";"Difícil";"O que é o modelo padrão?";"Modelo de Bohr";"Descreve partículas e forças fundamentais";"Lei da termodinâmica";"Relatividade geral";"B"
"484";"Ciências";"Difícil";"O que é epigenética?";"Mutações no DNA";"Expressão gênica sem mudar o DNA";"A genômica";"A proteômica";"B"
"485";"Ciências";"Difícil";"O que é buraco de Schwarzschild?";"Um asteroide";"Buraco negro não-rotacionante";"Estrela de nêutrons";"Um quasar";"B"
"486";"Ciências";"Difícil";"O que é a teoria das supercordas?";"Teoria sobre DNA";"Partículas são cordas vibrantes";"Teoria atômica clássica";"Relatividade especial";"B"
"487";"Ciências";"Difícil";"O que é condensado de Bose-Einstein?";"Reação nuclear";"Estado próximo do zero absoluto";"Tipo de plasma";"Transição normal";"B"
"488";"Ciências";"Difícil";"O que é a constante cosmológica?";"Velocidade da luz";"Energia do vácuo ou expansão";"Constante de Planck";"Constante gravitacional";"B"
"489";"Ciências";"Difícil";"O que é o efeito Compton?";"Reflexo de ondas";"Fótons espalhados por elétrons";"Difração de ondas";"Efeito fotoelétrico";"B"
"490";"Ciências";"Difícil";"O que é a teoria sintética da evolução?";"Teoria de Lamarck";"Darwin + genética mendeliana";"Teoria do criacionismo";"A epigenética";"B"
"491";"Ciências";"Difícil";"O que é a lei de Stefan-Boltzmann?";"Lei dos gases";"Potência irradiada ∝ T⁴";"Lei da gravidade";"Lei de Ohm";"B"
"492";"Ciências";"Difícil";"O que é o efeito Hall quântico?";"Fenômeno clássico";"Condutância quantizada em campo magnético";"Supercondutividade";"Efeito termoelétrico";"B"
"493";"Ciências";"Difícil";"O que é a equação de Drake?";"Equação química";"Estima civilizações tecnológicas";"Equação gravitacional";"Lei termodinâmica";"B"
"494";"Ciências";"Difícil";"O que é física do estado sólido?";"Sólidos geológicos";"Estuda propriedades físicas dos sólidos";"Termodinâmica de sólidos";"Mecânica clássica";"B"
"495";"Ciências";"Difícil";"O que é o teorema de Bell?";"Teorema gravitacional";"Correlações quânticas sem variáveis ocultas";"Lei da termodinâmica";"Princípio óptico";"B"
"496";"Ciências";"Difícil";"O que é astrofísica de altas energias?";"Estuda estrelas normais";"Buracos negros, pulsares, raios gama";"Estudo do Sol";"Cosmologia clássica";"B"
"497";"Ciências";"Difícil";"O que é o princípio antrópico?";"Terra é o centro";"Leis físicas compatíveis com observadores";"Lei evolutiva";"Princípio termodinâmico";"B"
"498";"Ciências";"Difícil";"O que é biologia sintética?";"Biologia tradicional";"Engenharia de sistemas biológicos";"Biologia molecular";"Genômica";"B"
"499";"Ciências";"Difícil";"O que é a constante de Hubble?";"Constante gravitacional";"Taxa de expansão do universo";"Velocidade da luz";"Constante de Planck";"B"
"500";"Ciências";"Difícil";"O que é o modelo ΛCDM?";"Modelo atômico";"Energia escura + matéria escura fria";"Modelo nuclear";"Modelo evolutivo";"B"
"501";"Ciências";"Difícil";"O que é o paradoxo do gato de Schrödinger?";"Experimento real";"Ilustra o problema da medição quântica";"Experimento de radioatividade";"Contradição lógica";"B"
"502";"Ciências";"Difícil";"O que é a lei de Fick?";"Lei gravitacional";"Difusão proporcional ao gradiente";"Lei eletromagnética";"Lei termodinâmica";"B"
"503";"Ciências";"Difícil";"O que é nanociência?";"Ciência de objetos grandes";"Manipulação em escala nanométrica";"Astronomia";"Geologia";"B"
"504";"Ciências";"Difícil";"O que é o efeito Meissner?";"Expansão por calor";"Expulsão de campo magnético no supercondutor";"Condutividade normal";"Piezoelétrico";"B"
"505";"Ciências";"Difícil";"O que é energia de ponto zero?";"Zero absoluto de energia";"Energia mínima do estado fundamental";"Energia cinética nula";"Energia potencial zero";"B"
"506";"Ciências";"Difícil";"O que é a lei de Hardy-Weinberg?";"Seleção natural";"Frequências alélicas constantes em equilíbrio";"Lei de Mendel";"Herança quantitativa";"B"
"507";"Ciências";"Difícil";"O que é a hipótese do mundo RNA?";"DNA surgiu primeiro";"RNA foi a primeira molécula autorreplicante";"Proteína surgiu primeiro";"Célula surgiu antes";"B"
"508";"Ciências";"Difícil";"O que é astroquímica?";"Astronomia clássica";"Moléculas e reações no espaço";"Química orgânica";"Geoquímica";"B"
"509";"Ciências";"Difícil";"O que é a massa do neutrino?";"Nêutrons sem massa";"Massa pequena — desafia o modelo padrão";"Partículas de luz";"Carregam carga elétrica";"B"
